Nhãn,Features
Sinh vien,"Máy tính đẹp, thông số khủng, màn hình to"
Sinh vien,"tôi muốn mua laptop để xử lý ảnh chuyên nghiệp"
Van phong,"Laptop phù hợp cho việc sử dụng word, phục vụ công việc học tập"
Van phong,"Thiết kế gọn nhẹ dễ dàng đặt trong trong túi xách mang theo mọi nơi"
Van phong,"Ngoại hình đẹp mắt, thu hút mọi ánh nhìn"
Gaming,"Laptop chơi game"
Gaming,"Laptop ngoại hình hầm hố, chiến game cực đã"
Gaming,"Laptop ngoại hình hầm hố, chiến game cực đã"
Gaming,"Laptop ngoại hình hầm hố, chiến game cực đã"
